Breed Name,Weight(g),Height(cm),Longevity(yrs),Energy level,Attention Needs,Coat Lenght,Sex,Owner Name
Samoyed,21495.7968,54.9362,10.4204,med,high,short,female,White
Airedale Terrier,21655.107,56.0639,11.0882,high,high,med,female,Schwartz
Rottweiler,43394.8959,64.3145,8.5097,med,med,short,female,Davis
Airedale Terrier,20946.7373,,11.7432,high,high,long,male,Adams
Samoyed,21844.962,52.8112,10.4279,low,high,long,female,Mendoza
Rottweiler,43796.2632,63.6739,10.2101,med,high,short,female,Li
Samoyed,31775.9461,52.7321,11.2438,med,high,med,female,Edwards
Samoyed,23061.6636,54.0813,10.3819,med,high,med,male,Scott
Airedale Terrier,18600.7376,,11.1222,high,high,med,female,Stanley
Airedale Terrier,20157.3418,57.6879,11.4764,high,high,short,male,Gardner
Airedale Terrier,19385.0298,57.0948,13.1922,high,high,med,female,Johnson
Welsh Corgi,13824.5352,27.8151,11.0452,low,high,med,male,Leonard
Welsh Corgi,13261.7107,,10.0658,med,med,short,female,Gonzalez
Welsh Corgi,11000.6784,31.8379,11.598,high,high,med,female,Graham
Welsh Corgi,12512.0598,28.2355,10.5652,med,high,med,female,Mitchell
Samoyed,28779.9092,,10.6116,med,high,med,female,Smith
Rottweiler,54525.0896,65.2649,10.3794,med,high,short,male,Wood
Airedale Terrier,20420.414,57.5565,10.5354,high,high,med,male,Green
Airedale Terrier,20880.7993,57.4934,11.1448,high,high,med,male,Melton
Samoyed,25257.5096,57.0516,11.431,med,high,med,female,Reynolds
Welsh Corgi,16257.1275,,11.3177,med,high,short,male,Carson
Samoyed,25639.1628,52.4083,10.5501,med,high,med,male,Baker
Samoyed,26219.1035,,10.9277,low,high,med,male,Schmidt
Welsh Corgi,11937.1953,26.7784,10.5872,med,med,long,female,Ortiz
Airedale Terrier,20952.0235,56.7782,12.9003,high,high,short,female,Taylor
Rottweiler,61940.0995,62.8769,8.2772,med,high,short,male,Gonzalez
Samoyed,24908.3412,53.924,11.6032,med,high,med,female,Robinson
Rottweiler,43640.4851,64.5661,8.261,med,high,short,female,Willis
Samoyed,20405.205,,10.9485,med,high,med,female,Thompson
Samoyed,16432.6948,54.791,11.3938,med,high,med,male,Cain
Rottweiler,43019.5365,64.4606,9.1938,med,high,short,male,Mcmillan
Rottweiler,62113.1699,,10.6058,med,high,short,male,Robin
Rottweiler,53904.9108,62.7414,9.5066,med,high,short,male,Houston
Welsh Corgi,16405.4616,30.1834,11.3626,med,high,med,male,Shaw
Airedale Terrier,18578.2391,58.2776,12.0164,high,high,med,female,Martinez
Welsh Corgi,13799.2513,29.5421,11.0326,med,high,long,male,Nicholas
Samoyed,24303.9705,51.731,11.0241,med,high,long,female,Williams
Samoyed,25663.4011,58.957,10.4785,high,high,med,male,Rodriguez
Airedale Terrier,24072.6268,57.6091,10.3655,high,high,med,male,Jones
Rottweiler,45550.6749,63.6115,8.6629,med,high,short,male,Hurst
Rottweiler,57743.4248,,9.5269,med,high,short,male,Rogers
Samoyed,27195.722,53.7176,11.0091,med,high,med,male,Lopez
Rottweiler,56910.5635,65.0754,8.0103,med,high,short,female,Jones
Rottweiler,48790.8307,62.9602,11.2645,low,high,med,male,Maddox
Rottweiler,54268.6467,,10.6289,med,high,short,male,Brown
Airedale Terrier,20659.0275,57.2463,10.8948,high,high,med,male,Becker
Welsh Corgi,10602.2893,27.2273,11.7008,med,high,med,female,Ross
Samoyed,26900.9147,54.971,10.6745,med,high,med,male,Anderson
Rottweiler,45021.3961,,10.0084,med,high,short,male,Mclean
Samoyed,22475.6697,,10.9219,med,high,med,female,Hebert
Samoyed,24229.3888,,10.4221,med,high,med,male,Howard
Welsh Corgi,13644.4703,31.4399,12.5489,med,med,long,female,Summers
Samoyed,24882.6075,52.0701,9.9572,med,high,med,female,Woods
Airedale Terrier,20997.4655,56.9309,10.8615,high,med,long,male,Washington
Rottweiler,54489.0558,64.7231,9.7515,med,high,short,male,Dyer
Samoyed,21033.1077,55.3048,12.0457,med,med,short,female,Hubbard
Rottweiler,54099.7388,61.8262,10.2373,med,high,short,female,Ryan
Rottweiler,37519.9967,66.4398,9.051,high,high,short,male,Sanchez
Airedale Terrier,20541.8267,57.5509,11.3406,high,high,med,female,Fuller
Welsh Corgi,12647.5026,,11.5771,high,high,med,male,Yang
Airedale Terrier,20445.7148,57.8996,12.1878,high,high,med,female,Monroe
Airedale Terrier,20889.1635,57.5499,10.8467,high,high,med,female,Campos
Samoyed,24496.4345,55.2619,10.6591,low,high,med,female,Barrera
Airedale Terrier,20580.1246,57.3,11.2565,high,high,med,male,Mora
Welsh Corgi,14752.7726,28.9145,10.0886,med,high,long,female,Robinson
Rottweiler,53926.7731,62.35,9.0416,med,high,short,female,Campbell
Airedale Terrier,18212.4989,58.1239,11.3695,high,high,med,female,Jerry
Welsh Corgi,14160.6144,30.0775,10.1962,high,high,med,male,Mercado
Airedale Terrier,20166.0452,,12.1457,high,high,med,male,Crawford
Airedale Terrier,21641.4437,57.7834,11.007,high,high,med,male,Hicks
Rottweiler,53900.5494,62.0,8.2764,med,high,short,female,Charles
Samoyed,23318.2129,53.8563,11.3003,med,high,med,female,Johnson
Samoyed,27763.6918,52.89,10.7404,med,high,med,female,Snow
Welsh Corgi,15108.5167,32.9317,11.7816,med,high,med,female,Morgan
Samoyed,19138.919,51.3375,11.1327,med,high,med,female,Shannon
Samoyed,19138.7344,56.1947,10.7522,med,high,long,male,Mitchell
Airedale Terrier,19214.618,57.0743,10.9429,high,high,med,male,Chambers
Welsh Corgi,13111.6546,28.0349,10.0055,med,med,short,male,Wilkerson
Rottweiler,39319.1633,63.3408,7.9825,med,high,short,male,Anderson
Airedale Terrier,20791.523,57.611,11.3915,high,high,med,male,Smith
Airedale Terrier,22668.5194,56.5411,11.2881,high,high,med,female,Mason
Rottweiler,51355.457,,9.3428,med,high,short,female,Wright
Airedale Terrier,22354.6313,56.9482,11.3721,med,high,med,male,Henderson
Samoyed,20417.658,,10.05,med,high,long,male,Reese
Welsh Corgi,14449.4623,27.253,11.3439,med,med,med,female,Hancock
Samoyed,28703.319,55.1143,9.828,med,high,short,female,Jones
Samoyed,21339.978,54.1193,11.245,med,high,med,female,Gray
Welsh Corgi,13639.61,27.3874,10.1458,low,high,long,male,Thomas
Rottweiler,43897.4957,,9.9577,med,high,short,male,Ward
Samoyed,26383.1082,55.0441,10.218,med,high,med,male,Valencia
Samoyed,26116.0227,51.2629,10.1538,high,high,short,male,Carter
Rottweiler,49618.8676,64.767,9.2371,med,high,short,male,Casey
Welsh Corgi,12328.7393,35.3119,10.6705,med,high,med,female,Odonnell
Samoyed,25432.3412,55.2925,10.9332,med,high,med,female,Mcdaniel
Airedale Terrier,19588.6746,57.0868,10.9135,high,high,med,male,Williams
Airedale Terrier,21274.8251,57.1001,11.2678,high,high,med,male,Taylor
Welsh Corgi,15842.6211,,11.3227,med,med,med,female,Richardson
Airedale Terrier,20776.3709,57.4561,11.7341,high,high,med,female,Malone
Airedale Terrier,19485.8307,56.7536,11.8378,med,high,short,female,Patel
Rottweiler,41584.0893,63.4642,10.462,med,high,short,female,Murray
Airedale Terrier,20628.0479,56.5259,12.4415,high,high,med,female,Jones
Rottweiler,60132.3023,62.9218,10.3415,high,high,short,female,Robinson
Samoyed,27885.7581,58.3248,9.9715,high,high,med,male,Jones
Samoyed,25104.1396,52.8786,11.2196,med,high,long,male,Smith
Rottweiler,49938.7001,62.5906,9.2168,low,high,short,female,Dennis
Airedale Terrier,20591.41,58.5743,12.172,high,high,med,female,Cunningham
Airedale Terrier,19375.3369,56.3482,11.9966,high,med,med,male,Gonzalez
Rottweiler,52814.4164,63.0894,9.5667,med,high,short,female,Hendrix
Rottweiler,41264.1993,65.178,9.0884,med,high,short,male,Jones
Samoyed,25608.5915,,11.2854,med,high,med,male,Maddox
Samoyed,28781.2547,52.4067,11.4812,low,high,long,female,Jones
Welsh Corgi,13228.7597,,10.7712,high,high,med,male,Peterson
Rottweiler,52766.0165,62.0347,10.844,med,high,short,male,Allen
Airedale Terrier,19271.0528,56.5385,11.376,high,high,med,female,Day
Rottweiler,47033.3514,64.7865,10.7902,high,high,short,female,Coleman
Airedale Terrier,21746.2797,56.561,12.555,med,high,med,male,Gregory
Welsh Corgi,14633.9885,,11.1787,med,high,med,male,Rodriguez
Samoyed,29065.2393,53.5646,9.9621,med,high,med,male,Bullock
Samoyed,26258.7722,56.5399,10.3901,med,high,med,female,Ball
Rottweiler,58399.1974,63.8801,8.8499,med,high,med,female,Hernandez
Samoyed,17992.8093,52.6686,10.2933,med,high,med,male,Cole
Rottweiler,36341.6888,64.961,8.9998,med,high,short,male,Adams
Rottweiler,49382.82,66.9739,9.7183,med,med,short,female,Bush
Welsh Corgi,10869.6962,,10.2727,med,med,med,male,George
Rottweiler,47272.4355,64.8271,9.9178,med,high,short,male,Brown
Welsh Corgi,14830.1533,27.5389,10.5628,med,high,med,male,Gonzalez
Airedale Terrier,19727.0279,56.5836,13.2022,high,high,short,female,Allen
Rottweiler,37996.0014,,7.8454,med,med,short,female,Wolf
Samoyed,22349.9916,54.6876,11.6162,med,high,med,female,Sanchez
Rottweiler,54782.8166,64.2701,8.7721,med,high,short,male,Webb
Airedale Terrier,21142.8467,56.6365,12.2558,high,high,long,male,Kaiser
Airedale Terrier,23379.553,57.1126,11.222,high,high,med,male,Roberts
Airedale Terrier,17796.8882,56.6636,11.389,high,high,short,female,Bradford
Samoyed,18520.3137,53.9455,10.0855,med,high,short,male,Morris
Welsh Corgi,14809.252,28.1849,11.0258,high,med,short,female,Caldwell
Airedale Terrier,20496.6936,56.3417,11.4179,med,high,med,male,Clarke
Airedale Terrier,17802.1693,56.8382,9.3781,high,high,med,female,Lester
Welsh Corgi,13247.7573,29.0191,11.1529,med,high,med,male,Bell
Welsh Corgi,14103.7401,,12.5365,med,high,med,female,Scott
Welsh Corgi,13744.3964,30.7815,9.7688,med,high,med,male,Hudson
Welsh Corgi,15949.3231,,10.7938,low,high,med,female,Daniels
Airedale Terrier,21024.9997,56.7545,11.6491,high,high,short,female,Tanner
Rottweiler,53740.545,65.2829,10.7735,med,high,short,female,Monroe
Airedale Terrier,18399.4225,56.9222,11.7134,high,high,med,female,Marshall
Welsh Corgi,14235.5543,29.6705,11.3559,low,high,med,male,King
Samoyed,20886.0723,,12.3174,med,high,med,female,Wise
Rottweiler,61695.0006,62.2559,9.36,high,high,short,male,Price
Airedale Terrier,20838.4344,,11.6285,high,high,short,female,Hodge
Samoyed,28124.4207,52.2063,11.5778,med,high,med,female,Rios
Airedale Terrier,18941.1018,57.3805,12.5122,high,high,med,male,Taylor
Samoyed,21444.8732,51.4451,10.2727,high,high,med,female,Foster
Samoyed,17507.141,51.7603,9.685,high,high,long,male,Morton
Welsh Corgi,11716.7018,24.6487,12.2065,low,high,long,female,Hatfield
Welsh Corgi,14968.7227,32.2547,11.0789,med,high,med,male,Obrien
Samoyed,20041.036,51.5962,11.4802,med,high,med,male,Flores
Welsh Corgi,14478.6876,27.8864,10.6217,high,med,med,female,Nelson
Samoyed,24478.8688,53.9082,11.3866,med,high,med,female,Jackson
Airedale Terrier,18205.0326,56.5572,13.496,high,med,short,female,Bailey
Welsh Corgi,12668.4623,33.3259,11.0205,med,high,med,male,Harris
Samoyed,19936.1534,,9.9547,med,high,med,female,Holland
Airedale Terrier,20090.4236,56.7857,9.8006,high,high,short,male,Bryant
Rottweiler,48486.468,64.9667,10.1346,high,high,short,male,Shepherd
Airedale Terrier,18148.4264,57.075,11.7151,high,high,short,male,Willis
Rottweiler,39448.4409,61.8171,9.6085,med,high,short,male,Peck
Samoyed,24205.3757,52.7203,9.743,med,high,med,male,Walker
Samoyed,25279.8936,51.4957,11.376,low,med,med,female,Ramirez
Samoyed,19381.1454,51.4068,10.8411,med,med,med,female,Jesse
Welsh Corgi,13935.0619,31.1763,10.9268,med,med,med,female,Mccarty
Rottweiler,54597.6693,62.2458,10.0325,med,high,short,male,West
Airedale Terrier,20991.7615,57.133,10.2956,high,med,short,female,Hansen
Welsh Corgi,14691.5361,,11.146,med,high,med,male,Jones
Welsh Corgi,15848.5937,29.6467,11.2912,med,high,med,female,Nelson
Samoyed,24749.6901,53.5976,10.9153,med,med,med,male,Hickman
Samoyed,18523.941,55.8425,10.9266,med,high,med,male,Smith
Welsh Corgi,9887.6034,28.0975,11.0232,med,high,long,female,Villarreal
Rottweiler,36574.8361,61.2702,9.6741,med,high,med,female,Jackson
Samoyed,21566.9383,54.4215,10.6101,med,high,med,female,Baker
Airedale Terrier,19087.0689,57.372,13.3663,med,high,med,male,Ware
Welsh Corgi,15882.8135,29.5202,11.05,med,high,long,male,Castro
Samoyed,21878.3614,54.7197,10.7377,med,high,med,female,Henderson
Samoyed,21490.7796,,10.9955,med,high,med,male,Stevens
Welsh Corgi,16136.3176,25.2773,10.8266,med,high,med,male,Castaneda
Welsh Corgi,13426.6843,32.9031,10.4285,low,med,med,female,Evans
Welsh Corgi,13941.2107,29.2613,10.9046,med,high,short,male,Campos
Samoyed,20141.8745,,10.3878,med,high,long,male,Saunders
Welsh Corgi,16702.7529,30.5386,10.836,med,high,long,female,Wright
Samoyed,25427.7217,52.5556,9.598,med,high,med,male,Keith
Welsh Corgi,12443.781,24.3099,11.1202,med,high,short,female,Anderson
Rottweiler,49579.8462,63.3565,8.4534,high,high,short,female,Stanton
Rottweiler,41104.1095,63.8569,10.209,med,high,med,female,Terry
Airedale Terrier,19494.4533,57.3081,13.2142,med,high,short,female,Salazar
Welsh Corgi,11690.9789,,10.9889,med,high,med,female,Rodriguez
Airedale Terrier,19904.1199,56.3096,11.8907,high,high,med,female,Olson
Samoyed,24449.1512,56.6596,10.2722,med,high,med,male,Carey
Rottweiler,47697.9978,62.7459,10.3143,med,high,short,female,Aguilar
Rottweiler,52700.4645,,8.9253,med,high,short,female,Lin
Samoyed,20051.7835,,11.9888,med,high,med,male,Cook
Rottweiler,39272.0352,63.5525,9.2643,med,high,short,female,Snyder
Samoyed,26892.8559,,11.4218,med,high,med,male,Davies
Welsh Corgi,12467.5203,,11.4381,med,high,long,male,Hebert
Rottweiler,47295.5469,64.3092,9.6892,med,high,med,male,Wong
Samoyed,22856.9637,54.465,11.8103,med,high,med,male,Compton
Welsh Corgi,14803.9631,32.2742,11.1539,med,high,med,female,Garcia
Welsh Corgi,14107.1634,29.4113,12.2314,med,high,med,female,Wall
Rottweiler,59268.6894,62.0197,8.9659,low,high,short,female,Williams
Rottweiler,44820.2385,64.7738,9.2036,med,high,med,female,Salazar
Rottweiler,49518.3995,66.2704,8.3143,med,med,short,female,Perry
Rottweiler,53313.3715,63.7617,10.5408,med,high,short,female,Gillespie
Rottweiler,50608.156,63.629,8.9805,high,high,short,female,Griffin
Airedale Terrier,21557.1141,56.6517,12.2755,med,high,short,female,Smith
Rottweiler,54681.3262,63.9482,10.0032,low,high,short,female,Booth
Samoyed,25494.5569,53.8849,11.0956,med,med,med,female,Gonzalez
Airedale Terrier,20988.9154,56.7347,11.6731,high,high,med,female,Mitchell
Samoyed,29515.4458,53.4013,9.8217,low,high,med,male,Lowe
Rottweiler,41171.7012,61.4966,9.9046,med,high,short,female,Daniels
Rottweiler,46961.9458,,8.3706,med,med,short,female,Cruz
Welsh Corgi,12220.4623,31.6641,11.2724,med,high,med,male,Wilson
Rottweiler,58039.7031,64.8467,10.8953,med,high,short,female,Thompson
Airedale Terrier,21591.9066,56.0989,11.2152,high,high,long,female,Colon
Rottweiler,39940.975,61.6148,7.3422,med,high,short,male,Ward
Airedale Terrier,19862.4135,56.7321,12.0996,high,high,med,female,Meadows
Airedale Terrier,22452.6398,57.1021,11.2674,high,high,med,male,Whitehead
Rottweiler,42394.2583,63.4368,10.1694,med,high,short,male,Deleon
Airedale Terrier,20277.933,,11.0697,high,med,med,male,Davis
Welsh Corgi,12316.4575,29.041,10.7302,med,high,med,female,Hernandez
Samoyed,24272.1117,,11.143,low,high,med,male,Cline
Airedale Terrier,20449.5069,56.5902,11.1947,high,high,med,female,Cole
Samoyed,23923.4312,52.727,11.7748,med,high,med,male,Blair
Rottweiler,47147.5147,,7.7928,med,high,short,female,Andrews
Samoyed,15037.7071,57.4724,11.5537,high,high,med,male,Rodriguez
Samoyed,23371.4893,49.5569,10.957,med,med,med,female,Simmons
Welsh Corgi,13155.5252,31.4459,10.3833,med,high,med,male,Edwards
Samoyed,27084.6172,54.372,10.7099,med,med,med,female,Anderson
Samoyed,26666.5919,54.1334,10.6896,med,high,med,male,Sparks
Rottweiler,36400.7591,,9.2692,med,high,med,male,Vaughn
Samoyed,23773.9441,54.4508,11.3795,med,high,med,female,Richardson
Rottweiler,53511.4964,62.8921,9.0446,med,high,short,female,Myers
Airedale Terrier,19174.69,,10.0159,high,high,med,male,Clark
Samoyed,24795.5556,49.1665,11.4135,med,high,med,male,Watkins
Rottweiler,40233.7656,64.4801,11.2911,med,high,short,male,Johnson
Samoyed,27124.6316,,11.2685,med,high,long,male,Chambers
Welsh Corgi,14675.0408,27.9597,10.8223,med,high,med,male,Crosby
Welsh Corgi,14631.9162,31.6497,11.8433,med,high,med,male,Miller
Airedale Terrier,21888.9071,,11.3171,high,high,short,female,Williams
Samoyed,19922.6571,53.7369,11.4403,med,high,med,male,Case
Rottweiler,54591.6666,66.088,9.7675,med,high,short,male,Stevenson
Samoyed,15685.9347,,11.4156,med,high,med,female,Mullins
Samoyed,20839.9306,55.6557,10.2146,med,high,med,male,Hartman
Airedale Terrier,20645.6384,57.6754,10.4853,high,high,med,male,West
Airedale Terrier,22244.364,56.8244,12.0104,high,high,med,male,Ward
Rottweiler,49267.2188,63.1912,8.4409,med,high,short,female,Fuller
Welsh Corgi,14241.1736,,10.8948,med,med,short,male,Brooks
Rottweiler,34918.1356,62.4069,7.7057,med,high,short,female,Sanchez
Welsh Corgi,14764.976,29.544,11.6771,med,high,med,female,Walker
Samoyed,23711.4587,52.6578,11.7032,med,high,med,female,Cameron
Samoyed,19947.4756,51.4346,11.9009,high,high,med,male,Adams
Welsh Corgi,11601.6954,29.4599,11.5774,high,med,med,male,Cruz
Rottweiler,54047.2515,67.1281,8.3813,med,high,med,male,Edwards
Samoyed,33865.2844,53.0141,10.7173,med,high,med,female,Stephanie
Welsh Corgi,16338.8489,30.4752,10.993,med,high,med,female,Lambert
Welsh Corgi,14419.7048,30.1856,12.5562,med,high,med,male,Buck
Rottweiler,37449.9032,62.2447,11.2297,med,high,short,female,Ray
Rottweiler,52082.0425,,9.2241,med,high,short,female,Nelson
Samoyed,22169.6719,54.6632,10.9464,med,high,med,male,Morton
Samoyed,18703.0749,56.3823,11.3019,med,high,med,male,Mann
Samoyed,22846.9689,53.0863,11.1537,high,high,short,female,Baker
Welsh Corgi,16005.8896,,11.3111,med,high,short,male,Fernandez
Samoyed,26361.6286,54.1102,11.1689,med,high,med,male,Miller
Airedale Terrier,20730.611,56.7013,11.7705,high,high,med,female,Peterson
Rottweiler,42530.7826,,9.4899,med,high,short,male,Perry
Airedale Terrier,19844.5129,57.6777,11.0546,high,high,long,female,Lee
Rottweiler,62007.448,63.6553,8.7235,med,high,med,male,Brown
Airedale Terrier,22748.6655,57.9058,10.0137,med,high,med,female,Powell
Samoyed,18024.0604,54.4764,9.4117,med,high,med,female,Douglas
Rottweiler,45134.1362,62.3681,8.1133,med,high,short,female,Brown
Airedale Terrier,20030.0693,56.8799,10.2,high,high,med,male,Wood
Rottweiler,47441.7192,62.7537,9.0488,med,high,short,male,Perry
Airedale Terrier,21508.4015,56.7452,10.1553,high,high,med,male,Weaver
Rottweiler,37058.6891,62.3775,10.0947,high,high,short,female,Alvarez
Samoyed,22526.4067,51.7732,10.5576,med,high,med,female,Frost
Airedale Terrier,19160.323,57.6419,12.3839,high,high,med,male,Riley
Airedale Terrier,21193.8542,57.2914,11.0546,high,high,med,female,Baldwin
Rottweiler,61542.779,62.367,10.4815,med,high,short,male,Woodward
Rottweiler,46190.9112,63.672,11.8458,low,med,short,male,Young
Welsh Corgi,13322.2922,30.5467,10.727,med,high,med,female,Jones
Airedale Terrier,20546.6329,57.1922,10.9533,high,high,med,female,Romero
Welsh Corgi,16216.5171,,11.0357,high,high,short,female,Espinoza
Rottweiler,56795.5758,,9.1363,med,med,short,male,Lewis
Airedale Terrier,19114.0804,57.8694,10.3694,high,high,long,male,Price
Welsh Corgi,14089.9939,33.0412,11.1931,med,high,med,male,Fernandez
Samoyed,26320.2231,55.1979,10.806,med,high,med,female,Moore
Samoyed,20420.6403,54.8637,10.6599,med,med,med,female,Cruz
Samoyed,24243.2811,52.5482,11.4372,med,high,med,male,Thomas
Samoyed,19049.7124,52.6224,10.9442,med,high,med,male,Wilson
Samoyed,20720.721,54.4864,10.6941,med,med,med,female,Smith
Samoyed,24084.1938,,11.0763,low,high,med,female,Banks
Rottweiler,52092.1199,64.6281,10.2301,med,high,short,male,Robinson
Rottweiler,46841.2706,63.3147,7.9651,med,high,short,female,Bowers
Rottweiler,50924.0667,61.8787,10.6707,med,high,short,male,Cook
Samoyed,22367.8889,56.0179,10.8509,med,med,med,female,Juarez
Welsh Corgi,13508.4299,27.1415,11.2079,med,high,med,female,Guerra
Airedale Terrier,19929.4362,57.3479,10.3776,high,high,med,male,Lopez
Welsh Corgi,15812.6203,25.0869,11.2499,med,high,med,male,Campbell
Airedale Terrier,22683.5134,,12.3839,high,high,med,male,Cruz
Samoyed,24320.4397,55.1461,12.3938,med,high,med,female,Garcia
Rottweiler,42049.0303,62.4603,8.52,med,high,short,female,Skinner
Welsh Corgi,14003.4868,27.6979,10.077,med,high,short,female,Holland
Welsh Corgi,14320.8317,28.0375,10.9168,med,high,med,male,Frank
Airedale Terrier,18714.7575,55.3743,11.523,med,high,med,female,Harris
Rottweiler,51354.4909,62.8008,10.753,med,high,short,male,Green
Airedale Terrier,20375.1273,58.0631,10.7664,high,high,med,male,Mason
Samoyed,23096.9443,52.0803,11.1208,med,high,long,female,Smith
Welsh Corgi,16679.5786,24.822,10.6758,med,high,med,male,Dunn
Samoyed,25151.3708,51.1672,11.6514,med,high,med,male,Warner
Welsh Corgi,13576.6264,26.2329,11.2384,med,high,med,female,Barnes
Rottweiler,37746.1639,62.1417,11.0412,med,med,short,female,Young
Airedale Terrier,20826.9395,56.434,11.3823,high,high,med,male,Pearson
Rottweiler,58544.5529,62.8956,8.2821,med,high,short,male,Vargas
Samoyed,19191.7548,53.7373,10.3592,high,high,long,male,Cardenas
Rottweiler,53589.2469,63.6006,9.6452,med,high,short,male,White
Samoyed,17967.7796,52.0574,10.7113,med,high,long,female,Johnson
Welsh Corgi,15747.1813,28.7814,10.5429,med,high,med,male,Little
Welsh Corgi,11906.009,30.268,11.3386,med,high,med,female,Hall
Welsh Corgi,14480.1207,25.9328,11.0992,med,high,long,male,Flores
Rottweiler,57509.2816,65.246,9.6716,med,high,short,female,Matthews
Airedale Terrier,19411.5129,57.623,12.6742,high,high,med,male,Garcia
Welsh Corgi,14127.5025,,10.3366,med,high,med,female,Green
Samoyed,17664.4539,52.5291,11.2111,med,high,med,male,Farrell
Rottweiler,55181.519,63.1835,9.4222,med,high,short,male,Jennings
Airedale Terrier,20727.2092,56.1712,12.592,high,high,med,female,Mccormick
Samoyed,29059.4397,52.6021,9.9339,med,high,med,male,Moreno
Airedale Terrier,19350.7368,,10.7369,high,high,med,female,Schneider
Airedale Terrier,20930.8599,55.6109,11.4521,high,high,long,male,Holloway
Rottweiler,58855.8242,65.1756,8.9591,med,high,med,male,Fernandez
Rottweiler,50535.9554,64.329,9.1617,low,med,short,male,Jackson
Samoyed,20802.6597,51.5324,11.1949,med,high,med,male,Jeff
Airedale Terrier,21353.632,,10.5685,high,high,med,female,Preston
Airedale Terrier,21271.0057,56.4491,10.6696,high,high,med,male,Miller
Rottweiler,50511.773,62.0897,10.2794,med,med,short,female,Henson
Rottweiler,33059.754,61.3014,8.9962,low,high,short,female,Perkins
Samoyed,28695.2822,54.0795,10.3346,med,high,med,female,Martinez
Samoyed,17821.1698,53.7497,10.9489,low,high,med,male,Chase
Welsh Corgi,16528.9442,25.1749,11.1112,med,high,med,female,Crawford
Airedale Terrier,21840.3701,57.6862,11.2082,high,high,med,female,Sarah
Rottweiler,46223.4035,63.3794,10.2352,med,high,short,male,Lane
Samoyed,18514.3711,,10.7742,med,high,med,female,Wright
Rottweiler,49108.247,62.6718,9.5531,med,high,short,female,Ware
Samoyed,22289.8629,,10.8792,med,high,med,female,Gordon
Rottweiler,37610.6482,65.358,9.9271,med,high,short,female,Martinez
Rottweiler,39894.5376,62.15,10.2047,low,high,short,male,Andrews
Rottweiler,42747.1628,,10.37,med,high,short,male,Williams
Welsh Corgi,15871.8858,29.9211,11.1625,med,high,med,male,Hardin
Rottweiler,38320.2744,61.9527,8.82,med,high,short,male,Brooks
Rottweiler,55316.5116,65.2059,10.6019,med,high,short,male,Johnson
Rottweiler,46470.7782,63.8227,9.0558,med,med,short,female,Hall
Airedale Terrier,21496.8796,57.5175,10.5035,high,high,long,male,Smith
Rottweiler,46503.2258,64.0606,9.904,med,high,short,female,Sanford
Rottweiler,63472.9715,63.9984,10.173,med,med,med,male,Johnson
Rottweiler,42901.8878,,10.3063,high,high,short,male,Miranda
Rottweiler,36960.5996,65.3404,7.5502,med,high,short,male,Garcia
Rottweiler,62356.3925,61.9863,9.3915,med,high,short,male,Salazar
Welsh Corgi,12838.2088,29.4653,11.8742,med,high,short,male,Richmond
Welsh Corgi,12896.4127,29.9408,10.7269,med,high,short,male,Russell
Welsh Corgi,15181.2383,27.1432,10.5527,med,high,med,male,Fitzpatrick
Airedale Terrier,20922.7013,57.0486,11.715,high,high,med,female,Mack
Airedale Terrier,21628.5439,56.7469,12.149,high,high,med,female,Frank
Samoyed,25149.4443,,10.5648,med,high,med,male,Jensen
Samoyed,23065.5475,53.3887,10.5344,med,high,short,male,Lee
Welsh Corgi,14048.3475,32.6339,11.879,med,high,med,female,Small
Samoyed,29001.7034,,10.715,med,high,med,female,Stephens
Welsh Corgi,10521.4509,32.2187,11.141,med,high,med,female,Hughes
Rottweiler,46074.375,64.2327,9.4581,med,high,short,male,Smith
Welsh Corgi,15093.7507,26.3451,10.4886,low,high,med,female,Hernandez
Airedale Terrier,19733.8049,56.2088,10.0192,high,high,med,male,Michael
Rottweiler,45491.7344,65.455,9.2455,med,high,med,male,Steele
Samoyed,20284.74,51.9631,10.7347,med,high,med,male,Harper
Samoyed,24409.0249,55.9058,10.9988,med,high,med,male,Santos
Samoyed,28612.7779,52.0275,11.1365,med,high,med,male,Mayer
Welsh Corgi,11707.7618,,11.571,med,high,med,male,Davis
Welsh Corgi,13295.2806,30.4104,11.448,high,high,med,female,Mcclain
Airedale Terrier,22464.9553,58.055,11.4199,high,high,med,female,Lopez
Rottweiler,55306.3056,,8.1373,med,med,med,female,Wright
Airedale Terrier,19722.5544,57.185,11.0575,high,high,short,male,Williams
Airedale Terrier,21450.881,,12.6299,high,high,med,female,Guerra
Airedale Terrier,21493.9105,56.6224,11.2338,high,high,med,female,Robinson
Welsh Corgi,12060.5157,28.1531,11.6167,med,high,med,female,Castro
Samoyed,22685.7994,49.8573,11.0714,med,high,med,male,Edwards
Samoyed,11355.3878,53.0957,10.6795,med,high,med,female,Hampton
Rottweiler,47445.0755,61.3976,9.5111,med,high,short,male,Brown
Airedale Terrier,22197.6142,56.3622,10.5339,high,high,med,male,Rachel
Airedale Terrier,22516.5891,56.7249,11.5587,high,high,med,male,Baker
Samoyed,19549.0326,55.1061,11.3112,med,high,med,female,Mckinney
Airedale Terrier,19468.5761,56.6031,11.511,high,med,short,male,Jacobs
Rottweiler,46268.3049,62.7721,8.402,high,high,short,female,Mendez
Airedale Terrier,17907.8021,,11.8117,high,high,med,female,Green
Rottweiler,42531.8776,63.1377,9.7601,med,high,short,female,Davis
Welsh Corgi,14281.3247,29.1893,10.5498,med,high,short,male,Ortiz
Welsh Corgi,15076.1946,,11.0424,med,high,long,male,Wilson
Welsh Corgi,16592.5215,31.1584,12.1463,med,med,med,female,Bowman
Rottweiler,48517.7299,63.4562,9.6317,low,high,short,female,Davis
Welsh Corgi,12848.1696,30.2594,11.2637,med,high,med,female,Reid
Samoyed,24357.7336,53.261,11.0586,med,high,med,male,Stephenson
Rottweiler,40081.326,,8.7129,med,high,short,female,Short
Welsh Corgi,12320.0226,,11.8306,med,high,med,male,Jackson
Welsh Corgi,14507.8641,29.3143,11.1167,med,high,med,female,Pham
Samoyed,20788.8677,55.9038,11.3508,low,high,long,male,Orozco
Samoyed,22307.5677,53.0614,10.6323,med,high,med,male,Allen
Welsh Corgi,11509.765,27.2168,10.9128,med,high,long,female,Smith
Samoyed,24371.5985,50.264,11.1947,low,high,long,male,Rogers
Rottweiler,54232.1214,66.9129,10.6473,low,high,short,female,Doyle
Airedale Terrier,20806.4367,57.5406,12.3116,high,high,med,female,Cummings
Samoyed,19896.8656,,10.5917,med,high,long,female,Gardner
Airedale Terrier,18824.9332,56.3555,12.8278,high,high,short,male,Casey
Airedale Terrier,20386.4895,56.0004,10.8497,high,high,short,female,Shelton
Samoyed,19722.714,52.713,11.0829,med,high,med,female,Reid
Rottweiler,43352.2629,62.6419,8.7842,med,high,short,female,Gentry
Welsh Corgi,11802.5712,32.6541,11.892,high,med,med,male,Alexander
Samoyed,25599.9632,,12.2023,med,high,med,female,Miller
Rottweiler,48637.8396,66.3895,8.3967,med,high,med,female,Gibson
Samoyed,22992.7479,,10.928,high,high,med,female,Stewart
Rottweiler,45777.6229,64.2034,8.3766,med,high,short,male,Thomas
Airedale Terrier,23426.7884,58.2588,11.1712,high,med,med,male,Moore
Rottweiler,52662.3294,61.9736,8.9348,med,high,short,female,Becker
Welsh Corgi,13913.2086,,11.2311,med,high,med,female,Simmons
Welsh Corgi,13156.337,25.9079,11.7145,low,high,med,male,Kemp
Rottweiler,35287.8912,64.6236,9.3025,med,high,short,female,Mullen
Welsh Corgi,12969.4433,30.2264,11.7544,med,high,med,male,Farley
Rottweiler,57592.3693,,11.265,med,high,short,female,Trevino
Airedale Terrier,20697.2986,57.0874,10.1014,high,high,med,male,Cook
Samoyed,18329.3145,52.513,11.3679,med,high,med,female,Clark
Welsh Corgi,14807.1323,31.8186,11.191,med,high,med,female,Underwood
Airedale Terrier,19895.2673,57.3943,11.183,high,high,short,male,Irwin
Rottweiler,35180.7331,61.5785,10.6132,med,high,short,female,Price
Airedale Terrier,19353.299,56.4662,11.7536,high,high,long,female,Watson
Welsh Corgi,15723.5157,31.2809,10.7048,med,high,short,female,Adams
Airedale Terrier,20423.7278,56.8282,11.9014,high,med,med,female,Lozano
Rottweiler,57042.5103,64.3125,9.2999,high,high,short,female,Warner
Airedale Terrier,22739.2447,56.5776,12.8135,high,high,med,female,Nicholson
Samoyed,20882.2507,54.3308,11.6126,med,high,med,male,Parker
Samoyed,22299.8696,,11.0186,high,high,med,female,Nguyen
Airedale Terrier,19166.9099,57.2798,10.537,high,med,med,female,Lewis
Samoyed,17757.1433,54.1893,10.4708,med,med,med,female,Middleton
Samoyed,28228.0896,51.5175,10.8679,med,high,med,female,Bowman
Rottweiler,47255.1468,66.5605,9.4568,med,high,med,male,Andrews
Samoyed,16320.718,52.0783,9.8039,med,high,med,female,Flowers
Rottweiler,38584.6693,63.8292,9.0736,med,high,short,male,Ward
Samoyed,20085.5367,52.0757,10.6496,med,high,long,female,Powers
Rottweiler,51733.3217,63.5292,8.4833,med,high,short,male,Powers
Samoyed,23977.2439,,11.5747,med,high,med,male,Gentry
Airedale Terrier,21388.0818,,12.9555,high,high,med,male,Barber
Rottweiler,56408.6129,62.1123,9.7792,med,high,med,female,Jenkins
Rottweiler,40743.1822,62.8225,10.2316,med,high,med,female,Williams
Samoyed,17230.3578,53.0092,10.8022,med,high,med,female,Goodman
Welsh Corgi,12865.8144,29.4239,9.4543,med,high,long,female,Walker
Welsh Corgi,14702.6528,30.8226,11.0437,low,med,med,male,Gardner
Airedale Terrier,21317.2813,57.3928,11.3276,high,high,med,male,Carr
Airedale Terrier,21759.1211,57.1796,11.1036,high,high,short,male,Martinez
Welsh Corgi,16726.1268,28.4701,10.8627,med,high,short,female,Lozano
Airedale Terrier,22746.5295,57.5479,11.9156,high,high,long,male,Butler
Airedale Terrier,17618.219,56.1519,12.9082,high,med,med,female,Hampton
Airedale Terrier,21311.1616,56.2152,11.8763,high,med,med,male,Davis
Welsh Corgi,13870.0513,34.0612,10.2243,low,high,med,female,Baker
Rottweiler,36789.0118,61.2037,9.3128,med,high,short,male,Smith
Airedale Terrier,21370.8499,58.122,11.1955,med,high,med,male,Matthews
Airedale Terrier,22021.4568,57.1778,12.4083,high,high,med,female,Baker
Airedale Terrier,20886.0329,,11.4066,med,med,med,male,Andrea
Airedale Terrier,20704.0088,57.2035,11.2953,high,med,long,female,Rivera
Samoyed,24408.7382,54.6652,10.8723,med,high,med,female,Mata
Welsh Corgi,9392.4179,27.4574,10.7156,med,high,short,male,Williams
Rottweiler,43297.9401,63.334,8.4521,med,high,short,male,Day
Airedale Terrier,17753.4067,56.8691,10.7095,high,high,med,male,Hayden
Welsh Corgi,14798.2068,28.4169,11.6849,med,med,short,male,Welch
Airedale Terrier,22921.7469,57.3027,13.7464,high,high,med,female,Martin
Airedale Terrier,20189.5935,57.2495,12.8897,high,high,short,female,Martinez
Airedale Terrier,19532.4532,57.05,10.8078,high,high,med,female,Richards
Airedale Terrier,19838.5975,,11.7926,high,high,long,female,Christopher
Airedale Terrier,20143.3639,56.0153,11.1545,high,high,med,male,Becker
Rottweiler,59505.4371,66.4258,10.3607,med,high,short,male,Baker
Rottweiler,33378.1795,62.3452,8.5385,med,high,short,male,Peterson
Airedale Terrier,18742.8075,57.0313,11.5592,high,med,med,male,Chavez
Rottweiler,41404.795,65.6041,9.7754,med,high,short,female,Thomas
Welsh Corgi,12754.7014,31.5295,11.1931,med,med,med,female,Lee
Rottweiler,54914.7597,64.5584,9.0872,med,high,short,male,Sherman
Welsh Corgi,12711.0864,28.1463,9.7443,med,high,short,female,Reed
Rottweiler,57198.0292,,10.8379,med,high,short,female,Lloyd
Airedale Terrier,19812.8564,56.8535,11.5001,high,high,med,male,Butler
Rottweiler,51295.5471,,9.7055,med,high,med,male,Wolf
Rottweiler,71700.8749,62.0631,8.5581,med,high,short,male,Christensen
Samoyed,20739.5697,54.2984,10.6048,med,high,med,female,Edwards
Samoyed,22282.9091,,11.6365,med,high,med,male,Duarte
Rottweiler,31164.5565,64.3425,9.6448,med,high,short,male,Luna
Welsh Corgi,13809.3861,26.7873,11.3191,med,high,med,male,Lopez
Welsh Corgi,13300.8924,34.0615,10.7349,med,high,med,male,Turner
Samoyed,24230.6853,55.0146,11.5284,med,high,med,male,Griffin
Airedale Terrier,19302.6185,56.3986,11.0218,high,high,med,male,Roach
Rottweiler,49873.694,63.7258,9.6768,low,high,med,female,Smith
Rottweiler,53994.8779,66.69,8.2408,med,high,short,male,Harris
Welsh Corgi,14461.8877,30.6465,10.7971,med,high,med,male,Andrews
Airedale Terrier,22679.6753,56.622,10.9436,high,med,med,male,Parker
Airedale Terrier,20349.6337,57.3419,12.1038,high,high,med,male,Fisher
Airedale Terrier,22027.7493,56.478,12.6984,high,high,med,male,Robinson
Airedale Terrier,18275.6465,57.48,12.8561,high,high,med,female,Hayes
Welsh Corgi,13924.0844,30.3567,11.3067,med,high,med,male,Mccullough
Rottweiler,54198.6032,63.0969,9.199,med,high,short,female,Smith
Samoyed,20445.5924,50.7592,11.7532,med,high,med,female,Clements
Welsh Corgi,14122.2713,30.6783,10.888,med,med,med,female,Ruiz
Airedale Terrier,18738.7336,57.652,11.3779,high,high,med,male,Bennett
Rottweiler,53270.6367,60.9943,10.3625,low,high,short,female,Johnson
Welsh Corgi,14520.8303,29.4076,11.4565,med,high,med,male,Zhang
Samoyed,24324.1306,51.9776,10.8884,med,high,med,female,Fowler
Samoyed,16766.8027,56.6312,9.7078,high,med,med,male,Floyd
Rottweiler,52744.79,64.0224,9.0138,med,high,med,male,Cervantes
Samoyed,23463.3718,,10.7504,med,high,long,male,Ingram
Rottweiler,42857.0112,63.2895,9.8388,high,high,short,female,Summers
Rottweiler,53974.5492,62.9279,9.3137,med,high,short,male,Clements
Rottweiler,50629.4139,66.9859,8.7827,med,high,short,female,Bradley
Welsh Corgi,12885.5604,30.298,11.8229,med,high,med,male,Smith
Samoyed,27226.3202,,11.8322,med,med,med,male,Pena
Airedale Terrier,18965.266,57.5434,12.1946,high,high,med,male,Santiago
Welsh Corgi,12599.5923,27.6721,11.5275,med,high,med,female,Avery
Rottweiler,59477.8893,63.898,9.8582,med,high,short,female,Perkins
Rottweiler,40999.6443,,10.9083,med,high,short,female,Anderson
Welsh Corgi,13352.3371,,11.0729,med,high,med,female,Walker
Samoyed,20417.2744,55.6307,11.442,med,high,med,female,Gibson
Welsh Corgi,13742.8437,30.3232,10.5121,med,high,med,male,Glenn
Samoyed,19382.6564,52.2051,11.2457,high,high,med,male,Russell
Samoyed,26471.1,53.8598,11.539,med,med,med,female,Coleman
Airedale Terrier,21466.6808,57.512,9.599,high,high,long,male,Fields
Welsh Corgi,13322.6708,32.2962,12.0151,med,high,med,female,Hanna
Rottweiler,53159.306,62.2524,10.3258,low,high,short,male,Lewis
Rottweiler,42941.8617,,9.8532,med,high,short,female,Bryan
Welsh Corgi,14965.5722,34.0539,10.4033,med,high,med,female,Klein
Welsh Corgi,12588.7837,,11.249,low,high,med,female,Smith
Airedale Terrier,20160.7043,,10.9819,high,high,med,male,Blevins
Airedale Terrier,18950.9842,56.4642,11.2329,high,high,med,male,Wells
Samoyed,22112.3558,51.4803,10.2678,med,high,short,female,Williams
Airedale Terrier,19856.9091,57.0406,9.8583,high,high,med,male,Smith
Rottweiler,55263.071,61.6736,9.1053,med,high,short,female,Taylor
Samoyed,24292.231,54.4895,10.4953,high,med,med,male,Arellano
Airedale Terrier,18202.07,56.9603,11.1214,med,high,med,male,Moreno
Welsh Corgi,10308.3932,32.5165,11.9624,med,high,med,male,Anderson
Rottweiler,48362.9705,,8.119,med,high,short,female,Harvey
Welsh Corgi,14425.8302,28.5007,11.0973,high,high,med,male,Miller
Samoyed,20779.2924,53.2702,11.6432,med,high,long,male,Johnston
Samoyed,24352.7112,,11.3701,med,high,med,female,Johnston
Samoyed,23381.2322,51.5711,10.5587,med,high,med,male,Baker
Airedale Terrier,21108.0089,56.5971,10.9502,high,high,med,female,Davis
Airedale Terrier,20865.9393,56.9642,11.0712,high,high,med,male,Watts
Airedale Terrier,19373.161,57.1436,10.6415,high,med,med,male,Cordova
Rottweiler,70470.2938,,9.8558,med,high,short,male,Reeves
Airedale Terrier,17354.9492,56.5778,11.405,high,high,med,male,Hodges
Rottweiler,50950.5537,,10.6339,med,high,short,female,Mathews
Rottweiler,34888.6666,61.5877,9.024,low,high,short,male,Smith
Samoyed,22249.4556,53.196,11.0737,low,high,long,female,Schmidt
Welsh Corgi,14871.4624,32.5099,12.2165,med,high,long,male,Jones
Samoyed,23048.339,52.043,11.3303,high,high,med,female,Acosta
Samoyed,28168.0637,51.2711,11.2359,high,high,med,male,Mills
Welsh Corgi,15142.379,,10.8038,med,high,med,male,Alexander
Airedale Terrier,21160.0425,56.7707,11.2626,high,high,med,male,Martin
Welsh Corgi,13843.6168,33.5391,11.8629,low,high,med,male,Pierce
Samoyed,25556.6194,54.044,11.7375,med,med,med,male,Gomez
Rottweiler,50910.1295,63.1527,9.5411,med,med,short,male,Lyons
Welsh Corgi,13349.5556,27.0707,12.1083,med,high,short,male,Fowler
Airedale Terrier,21836.5035,57.6815,13.1611,high,high,med,male,Thomas
Airedale Terrier,23108.1705,56.3571,11.6968,med,med,med,female,Bray
Rottweiler,50042.3595,,7.7191,med,high,short,male,Jimenez
Rottweiler,65275.0791,62.4754,9.6683,med,high,med,male,Pace
Rottweiler,40738.6053,63.3378,8.7614,med,high,short,female,Esparza
Samoyed,22457.7263,52.1243,11.6408,med,high,med,male,Ellis
Welsh Corgi,13982.6243,,10.9655,high,high,short,male,Schmidt
Rottweiler,51037.2578,60.6331,8.8418,med,high,short,female,Webster
Airedale Terrier,17945.1813,56.9453,12.117,high,high,med,male,Chung
Samoyed,27460.7655,54.6594,10.5628,med,high,med,male,Sullivan
Welsh Corgi,12200.6846,,10.9508,med,high,long,female,Ross
Samoyed,27857.8937,53.2528,11.0626,med,high,short,male,Lane
Samoyed,22052.5354,53.1343,9.209,med,high,short,male,Clark
Rottweiler,48074.1083,64.4502,10.0165,med,high,short,male,Mcclain
Welsh Corgi,14357.9051,,11.1982,high,high,med,male,Church
Airedale Terrier,22477.4841,57.9301,12.0604,high,high,long,male,Brown
Rottweiler,47324.1119,63.4406,11.0298,med,high,short,male,Brown
Samoyed,29604.8072,,10.7757,med,high,med,male,Robertson
Welsh Corgi,13075.9753,26.2675,11.1549,med,high,med,male,King
Welsh Corgi,14005.0068,32.0866,10.4948,med,high,med,female,Zhang
Airedale Terrier,20995.0434,57.0437,10.6587,high,med,med,male,Jones
Rottweiler,44011.8403,60.6671,9.1067,med,high,short,male,Mary
Airedale Terrier,21528.1654,57.5649,12.8801,high,high,med,female,Ford
Airedale Terrier,20935.7748,56.3393,10.9687,high,high,med,female,Moreno
Samoyed,27083.6927,52.6653,10.1797,med,high,med,male,Shepherd
Welsh Corgi,13718.9977,33.7336,10.198,low,med,med,female,Sampson
Airedale Terrier,21146.3544,,11.4388,high,high,med,male,Meyer
Rottweiler,50812.5406,62.6192,10.0643,low,high,short,female,Murphy
Welsh Corgi,13983.0431,26.1222,10.6015,low,high,med,male,Grant
Samoyed,18964.5214,51.2525,11.7188,med,high,med,female,Madden
Airedale Terrier,19844.4083,57.6608,13.1062,med,high,med,male,Ortiz
Samoyed,21212.5253,54.241,11.4916,high,high,short,male,Gardner
Airedale Terrier,18380.7123,57.1335,11.7304,high,high,long,female,White
Airedale Terrier,17599.7015,56.3398,12.0233,high,high,med,male,Cabrera
Samoyed,19552.4735,52.5189,11.3512,med,high,med,female,Torres
Rottweiler,55845.7882,62.9632,9.996,med,high,short,male,Gonzalez
Samoyed,21988.7568,53.268,10.9462,med,med,long,male,Davis
Airedale Terrier,20152.792,,11.1629,high,high,med,female,Miller
Rottweiler,51998.713,63.2323,10.3494,med,high,short,male,Mueller
Welsh Corgi,13993.9623,28.5763,11.4044,med,high,short,female,Hurley
Rottweiler,43155.7278,63.7951,10.014,med,high,med,male,Roman
Samoyed,28032.4278,,11.4035,med,high,med,female,Gomez
Rottweiler,51286.4889,66.2844,10.2362,low,med,short,male,Scott
Welsh Corgi,14133.7176,30.4501,10.761,med,high,med,female,Lopez
Welsh Corgi,13125.1069,33.1817,10.3813,med,high,med,male,Johnson
Rottweiler,38291.8439,63.7198,9.7645,med,med,short,male,Aguilar
Welsh Corgi,12404.9105,,11.0279,med,high,med,female,Garrison
Samoyed,24413.7731,55.8041,10.7897,med,high,med,male,Newton
Airedale Terrier,20368.0725,57.9731,11.5788,high,high,short,male,Brewer
Samoyed,26913.5357,51.837,11.0865,med,high,med,female,Harris
Welsh Corgi,16558.8544,25.8497,10.8736,med,high,med,male,Barker
Rottweiler,55288.2352,61.5358,8.7517,med,high,short,female,White
Samoyed,28021.9593,52.6317,11.2295,low,high,med,female,Johnson
Rottweiler,49441.7045,64.7134,10.7788,low,high,short,female,Bonilla
Samoyed,22108.3018,54.2201,11.5974,high,high,short,female,Hodges
Airedale Terrier,20504.9396,57.1991,10.7912,high,high,med,male,Fitzgerald
Airedale Terrier,19821.5441,56.9574,11.8481,high,high,short,male,Browning
Rottweiler,61347.9605,64.0925,10.1865,med,high,short,male,Levy
Rottweiler,39228.8841,,8.2354,med,high,short,female,Lynch
Samoyed,27547.3966,52.751,11.3431,med,high,med,male,Harris
Samoyed,24988.2714,53.7782,9.6549,low,high,med,male,Jones
Rottweiler,31722.1632,63.7091,10.639,med,high,short,male,Herrera
Welsh Corgi,15240.8767,31.7769,11.1,med,high,med,male,Brandt
Welsh Corgi,14995.2126,27.8255,10.8743,med,high,long,female,Mata
Samoyed,23427.9548,53.5226,10.9682,med,high,med,male,Owens
Samoyed,25497.2854,54.443,10.7047,med,high,med,female,Turner
Rottweiler,58052.4471,61.0539,9.4603,med,high,short,female,Obrien
Welsh Corgi,14437.397,23.5553,10.3515,high,high,med,female,Martin
Welsh Corgi,16216.6445,29.8292,10.5173,low,high,med,female,Smith
Rottweiler,58060.393,64.911,9.7797,med,high,short,female,Walker
Welsh Corgi,11397.429,,10.0054,med,high,med,female,Hull
Welsh Corgi,15031.4528,32.6378,11.072,low,med,long,male,Nelson
Airedale Terrier,23137.6679,,12.04,high,med,short,female,Watson
Welsh Corgi,14215.0941,27.9149,11.308,med,high,med,female,Richardson
Rottweiler,43312.9873,66.5139,9.907,med,high,short,female,Wilkinson
Welsh Corgi,13002.1776,27.1917,10.9457,med,med,med,female,Craig
Welsh Corgi,15704.4193,32.6471,11.4581,med,high,med,female,Anderson
Welsh Corgi,16042.133,30.2443,11.5412,med,high,med,male,Brown
Samoyed,21061.4352,,10.4619,high,high,short,female,Finley
Airedale Terrier,21568.1974,56.7892,10.6598,high,high,med,female,Wagner
Samoyed,24261.7062,54.8833,11.4361,med,high,med,female,Smith
Welsh Corgi,17598.8029,28.4847,11.1904,med,high,med,male,Jones
Airedale Terrier,22806.4499,,11.6612,high,high,med,female,Hayes
Rottweiler,47943.5242,64.1263,8.9746,med,high,short,female,Kim
Samoyed,21695.2283,52.3766,11.6728,med,high,short,female,Bonilla
Rottweiler,54840.7265,63.5647,9.4255,med,high,short,male,Ware
Samoyed,24689.5191,51.9176,10.7467,med,high,med,male,Adams
Airedale Terrier,20082.3634,55.8917,10.4302,high,high,short,female,Strong
Rottweiler,39787.463,64.613,8.9036,med,high,short,male,Macdonald
Welsh Corgi,15694.3586,34.6051,11.0733,med,high,med,male,Hayes
Airedale Terrier,20702.4436,,10.6102,high,high,med,male,Weaver
Welsh Corgi,14481.5798,,10.9024,low,high,med,female,Perry
Samoyed,19029.7044,52.2632,11.2836,med,high,med,female,Jones
Rottweiler,46115.5527,65.6766,10.0487,med,high,short,female,Phillips
Welsh Corgi,14078.5655,25.3636,10.5899,low,med,med,female,Stark
Airedale Terrier,20302.0385,57.4576,12.0393,high,high,med,female,Petersen
Welsh Corgi,14606.5137,24.989,10.53,med,high,med,female,Lopez
Welsh Corgi,15823.8244,31.0698,10.4024,med,high,med,male,Vasquez
Airedale Terrier,20109.6237,,10.1866,high,high,med,male,Dawson
Airedale Terrier,17431.1762,,11.4287,high,high,med,female,Carter
Airedale Terrier,19516.2861,56.8693,12.472,high,high,med,female,Smith
Samoyed,17010.5754,54.3976,11.3303,med,high,med,male,Martinez
Airedale Terrier,18217.0202,58.0485,12.6225,high,high,med,female,Brown
Samoyed,27911.0369,56.2086,9.8168,med,high,med,female,Beck
Samoyed,19072.2226,52.2852,10.6997,low,high,med,male,Turner
Airedale Terrier,19396.1655,57.5368,11.3633,med,high,med,male,Mccoy
Rottweiler,60551.4927,,7.7048,med,high,short,female,Jeanne
Rottweiler,53156.5198,64.171,10.8464,med,high,short,female,Hansen
Rottweiler,45343.7152,,10.1693,med,high,short,female,Anderson
Welsh Corgi,17838.3764,,11.193,med,high,med,female,White
Airedale Terrier,18950.7618,56.5604,11.7886,high,high,med,male,Kim
Rottweiler,43971.3829,61.3531,9.3267,med,high,short,male,Neal
Airedale Terrier,20322.5036,,12.0968,high,high,med,male,Webster
Airedale Terrier,18558.1659,,10.5942,high,high,long,female,Patterson
Welsh Corgi,13160.5676,25.3778,11.4299,med,high,short,male,Cole
Rottweiler,56910.1477,62.0869,10.2578,med,high,short,male,Walker
Rottweiler,48393.6252,63.8157,8.6536,med,high,short,male,Morton
Welsh Corgi,14649.1795,31.1725,10.3332,low,high,short,female,Mcmahon
Airedale Terrier,20662.9522,57.1862,12.7008,high,high,med,female,Wells
Airedale Terrier,22009.1245,,10.759,high,high,med,female,Nelson
Welsh Corgi,14521.1497,29.2495,11.6467,med,high,med,female,Miller
Welsh Corgi,12862.4157,,10.8995,med,high,med,male,Gonzales
Welsh Corgi,14012.5647,27.3061,12.0566,med,high,med,female,Johnson
Airedale Terrier,20737.5477,57.121,12.1409,high,high,med,male,Tucker
Rottweiler,40891.9415,62.2945,11.0271,med,high,short,female,Sweeney
Airedale Terrier,22439.8987,57.1671,11.4211,high,high,med,male,Brown
Samoyed,18605.0822,53.544,11.8644,med,high,med,female,Kerr
Rottweiler,43393.2983,63.8414,10.0377,med,high,short,female,Wang
Airedale Terrier,21980.9832,57.1562,10.5826,high,high,med,female,Patricia
Samoyed,25169.2094,54.9567,10.8838,med,high,med,female,Randall
Airedale Terrier,16802.8053,57.0719,12.0939,high,high,med,female,Ashley
Airedale Terrier,20175.1369,57.7193,11.0549,med,high,med,male,Gallagher
Rottweiler,54373.6623,62.1995,9.2221,med,high,short,female,Rodriguez
Welsh Corgi,15316.7742,25.0089,11.0086,med,high,med,female,Caleb
Welsh Corgi,12730.6049,26.7498,11.2766,high,high,short,male,Tucker
Samoyed,24321.7629,52.0086,10.5137,med,high,med,male,Stewart
Airedale Terrier,20964.0085,56.2945,11.2414,high,high,med,male,Atkins
Samoyed,26532.0774,54.6602,10.3103,med,high,med,male,Sawyer
Rottweiler,55898.0004,64.0858,10.3815,med,med,short,male,Wright
Samoyed,14784.2482,54.3984,10.3515,high,high,med,female,Palmer
Rottweiler,48171.8819,,10.0815,med,high,short,female,Johnson
Rottweiler,46314.1862,64.4709,9.9115,med,high,short,female,Brown
Samoyed,23199.1692,53.0282,10.6101,med,high,med,male,Burgess
Samoyed,23373.7454,52.2691,11.6594,low,high,med,male,Keller
Rottweiler,55519.4825,65.0054,9.9168,med,high,short,female,Shaffer
Rottweiler,37814.7304,62.5557,9.8631,med,high,short,female,Barton
Samoyed,24565.6193,54.8867,10.1851,med,high,med,female,Nelson
Airedale Terrier,22051.1004,57.2425,10.845,high,high,med,male,Riley
Samoyed,19110.526,51.2357,10.2919,med,high,med,female,Burton
Airedale Terrier,19672.8238,57.077,10.36,high,high,med,male,Cox
Airedale Terrier,22716.1118,57.077,10.8142,high,high,long,male,Chapman
Rottweiler,59057.4349,59.3932,8.7759,low,high,short,female,Mary
Welsh Corgi,16241.0287,33.4022,10.9328,med,med,long,male,Figueroa
Welsh Corgi,13258.4579,27.0559,11.2956,med,high,med,male,Rodriguez
Rottweiler,50642.0399,61.8525,11.3482,low,high,short,female,Walker
Airedale Terrier,22112.5877,56.571,12.0998,high,high,med,female,Giles
Rottweiler,60624.5761,64.9007,7.7649,med,high,short,female,Navarro
Samoyed,19097.4238,56.1241,11.6924,med,high,med,female,Burns
Rottweiler,34830.4692,62.9034,9.3332,med,high,short,female,Valerie
Welsh Corgi,16486.5938,27.4156,11.7787,med,high,med,female,Thomas
Rottweiler,40857.2777,64.1666,9.2413,med,high,short,female,Hayes
Airedale Terrier,20888.7987,57.1916,11.6478,high,high,med,male,Smith
Welsh Corgi,17696.0973,25.1654,11.3457,med,high,long,female,Martinez
Samoyed,23572.1746,54.6833,10.7639,med,high,med,female,Holmes
Samoyed,21862.7385,53.4864,11.679,med,high,long,female,Donald
Airedale Terrier,20281.499,57.3825,11.3591,high,med,med,female,Perez
Welsh Corgi,13305.4783,,10.9648,med,high,med,male,Hicks
Airedale Terrier,19365.6037,57.8784,11.1427,high,high,med,female,Mccullough
Airedale Terrier,20654.7563,,11.9859,high,high,med,female,Brown
Welsh Corgi,13679.4714,27.0624,10.5345,med,high,med,female,Phelps
Samoyed,26419.939,57.2658,12.3494,med,high,long,female,Sawyer
Airedale Terrier,18785.1051,57.1293,11.6804,high,high,short,female,Williams
Samoyed,18457.7796,54.463,10.783,med,high,long,female,Miller
Airedale Terrier,21811.3067,55.9417,12.9749,med,high,med,female,Lewis
Airedale Terrier,18571.6408,,11.9312,high,high,med,male,Gill
Rottweiler,50992.7521,64.0827,8.3355,med,high,short,male,Coffey
Airedale Terrier,20509.7543,57.1763,12.0604,high,high,long,female,Michael
Airedale Terrier,21096.2567,57.024,10.024,med,high,med,female,Garcia
Welsh Corgi,14693.7348,32.0164,11.2036,low,high,med,male,Archer
Airedale Terrier,20003.6521,,10.2252,high,high,med,male,Garcia
Welsh Corgi,11351.2894,,10.1519,low,high,long,male,Rogers
Samoyed,27570.9172,56.0588,10.7019,med,high,med,male,Ramirez
Airedale Terrier,19919.6784,,10.6292,high,med,med,male,Hernandez
Samoyed,23157.1098,50.7262,11.1499,med,med,long,male,Glover
Airedale Terrier,20276.4666,57.3818,12.8209,high,high,med,male,Douglas
Rottweiler,55224.2499,62.3504,10.6079,med,high,short,female,Cohen
Airedale Terrier,23238.0739,,12.2883,high,high,med,female,Warner
Airedale Terrier,17835.9299,57.3583,10.7185,high,high,med,male,Thomas
Welsh Corgi,18085.9776,,11.5651,low,high,med,female,Hicks
Samoyed,20500.873,53.9585,10.6102,med,high,med,male,Andrews
Welsh Corgi,12781.1961,28.4071,11.1565,med,high,med,female,Cox
Airedale Terrier,21443.5858,56.9783,10.2428,high,high,med,female,Roberts
Rottweiler,47811.3638,64.4063,10.4405,low,high,short,female,Johnson
Rottweiler,45770.2073,63.5286,9.868,low,high,short,female,Simmons
Airedale Terrier,20537.0569,56.9569,10.8467,high,high,long,male,Padilla
Airedale Terrier,20423.5549,56.5867,11.273,med,high,med,male,Jacobs
Rottweiler,55294.9548,,9.7062,med,high,short,male,Richardson
Rottweiler,52854.938,61.1431,10.0756,med,high,med,female,Fuller
Welsh Corgi,12059.8837,28.5177,10.1978,low,high,med,female,Chen
Welsh Corgi,15766.5097,29.7739,11.0895,med,high,med,female,Williams
Airedale Terrier,22133.9087,57.7026,12.562,high,high,med,male,Randall
Airedale Terrier,21786.2144,57.5273,10.9974,high,high,med,male,White
Samoyed,28191.2127,54.5654,9.2948,med,high,med,male,White
Airedale Terrier,20912.2941,,11.9537,high,med,med,female,Garcia
Welsh Corgi,11708.5692,30.4657,10.6557,med,high,med,female,Mcconnell
Welsh Corgi,14797.4955,26.1524,10.6621,med,high,med,female,Bartlett
Airedale Terrier,23980.5801,56.8267,10.3023,high,high,med,male,Williams
Samoyed,22587.9329,,11.307,med,high,med,female,Suarez
Airedale Terrier,19817.7793,57.4863,11.2563,high,high,med,female,Ford
Samoyed,23629.8839,54.0583,11.0615,med,high,med,female,Jones
Airedale Terrier,20765.5026,57.046,11.9096,high,med,med,male,Miller
Welsh Corgi,13981.2219,29.212,11.1184,low,med,long,female,Richards
Rottweiler,48341.9579,64.0659,10.3291,med,high,short,female,Little
Rottweiler,50840.635,,9.0212,med,high,short,female,Hughes
Samoyed,20146.3903,55.2514,10.6414,med,high,med,male,Murphy
Samoyed,24587.327,53.1366,10.3974,med,high,med,male,Rachel
Samoyed,24286.1399,52.4365,10.5307,med,high,med,female,Hunter
Rottweiler,45423.0218,62.4607,9.5694,med,high,short,female,Martin
Airedale Terrier,20271.9368,56.9745,12.5583,high,high,med,female,Roberts
Airedale Terrier,19730.9682,56.1161,11.3016,high,med,long,male,Lopez
Airedale Terrier,17710.4411,57.3294,13.5486,high,high,med,male,Osborne
Samoyed,26590.4105,55.0843,11.4261,med,high,med,female,Perez
Samoyed,21219.2093,52.7973,10.9408,med,med,long,female,Perez
Samoyed,22758.007,55.0314,10.7326,med,med,short,female,Stevens
Welsh Corgi,15712.799,28.7168,10.9461,med,high,long,female,Boyle
Welsh Corgi,13485.5663,29.2891,10.3548,med,high,med,male,Peters
Rottweiler,57421.7412,64.4356,8.7586,med,high,short,female,Peterson
Welsh Corgi,15339.7796,28.4379,10.3702,med,med,med,male,Irwin
Airedale Terrier,20930.7303,56.7998,12.2017,high,high,med,female,Smith
Samoyed,18715.6801,56.5838,11.7274,med,high,med,male,Baker
Airedale Terrier,19671.8999,,11.3688,high,high,med,female,Hartman
Airedale Terrier,20004.2768,57.5918,11.5972,high,high,med,female,Ortega
Welsh Corgi,16400.3835,33.3274,11.8383,med,high,short,female,Holden
Rottweiler,55939.7086,62.6412,10.8482,med,high,short,female,Scott
Samoyed,28433.2688,53.5153,10.6545,med,high,short,female,Brown
Welsh Corgi,14375.4788,30.8761,11.3871,med,high,med,female,Copeland
Welsh Corgi,15118.311,30.5452,10.9396,med,high,med,female,Payne
Samoyed,24884.3965,53.4409,10.3679,med,high,med,female,Pearson
Welsh Corgi,12594.3743,26.7843,10.1749,high,high,med,male,Montes
Airedale Terrier,19376.4761,56.545,9.9189,high,high,med,male,Ross
Rottweiler,50665.3342,,10.3037,med,high,med,female,Shepard
Welsh Corgi,12758.2913,30.4464,11.476,high,high,med,female,Hamilton
Samoyed,21966.1161,53.6016,10.5965,low,high,med,female,James
Rottweiler,41907.8204,63.0987,9.7341,med,high,short,male,Stokes
Airedale Terrier,20804.055,57.0834,11.4204,high,high,med,female,Fields
Samoyed,27561.187,55.4241,10.3665,med,med,short,male,Smith
Samoyed,17326.9478,,11.9118,low,high,med,male,Wheeler
Welsh Corgi,13373.8036,33.6851,11.4263,med,high,short,female,Hall
Rottweiler,47136.5541,63.3635,9.2734,med,med,short,female,Conner
Rottweiler,54137.849,66.0068,8.8283,med,med,short,male,Collins
Welsh Corgi,13813.8642,29.9903,11.2353,med,high,med,male,Small
Airedale Terrier,20141.8005,57.3827,11.8596,high,high,med,male,Cameron
Rottweiler,46946.0235,63.1639,8.2624,med,high,short,female,Steve
Welsh Corgi,13163.7572,,10.5974,low,high,med,male,Garcia
Rottweiler,52562.8777,,9.0286,med,high,short,male,Branch
Rottweiler,54963.4972,63.5933,8.9817,med,high,short,male,Boyer
Samoyed,30988.994,,10.8854,med,high,med,female,Butler
Airedale Terrier,21102.0721,57.5906,11.1461,high,high,med,female,Acosta
Rottweiler,50047.4982,59.22,9.8382,med,high,short,female,Ferguson
Airedale Terrier,22556.9074,56.5645,12.4818,high,high,med,female,Hale
Airedale Terrier,22898.201,,14.0451,high,high,med,female,Garza
Welsh Corgi,11769.9216,23.9559,10.8891,med,high,med,male,Hernandez
Samoyed,28955.7838,53.4803,11.1519,med,med,med,female,Dyer
Airedale Terrier,21551.1337,56.3689,12.6065,high,high,med,male,Navarro
Rottweiler,38177.9694,65.8835,8.6515,med,high,short,female,Garcia
Airedale Terrier,19713.6418,56.741,12.4622,high,high,med,female,Foster
Rottweiler,40704.535,,11.1298,med,high,short,male,Tran
Airedale Terrier,23050.6065,57.1605,11.9671,med,high,med,female,Donovan
Rottweiler,47198.5783,,9.3073,med,high,short,female,Sims
Welsh Corgi,12159.6448,30.6,11.185,med,high,med,male,Davis
Welsh Corgi,15273.4544,30.1847,11.3589,med,med,med,male,Morales
Samoyed,17703.2101,56.6968,11.4439,med,high,med,female,Huynh
Airedale Terrier,20044.848,56.9413,11.2417,high,high,med,male,Powers
Samoyed,24662.0153,55.2891,12.0319,high,med,med,female,Knight
Airedale Terrier,20148.7389,57.1768,12.2561,high,high,med,female,Parks
Airedale Terrier,18846.214,56.4033,12.3917,high,high,med,female,Higgins
Rottweiler,33254.7691,66.2742,8.6191,high,high,short,male,Anderson
Samoyed,20332.0636,53.9909,11.4359,med,high,med,female,Kim
Samoyed,19247.5209,,11.4709,med,high,long,male,Franco
Welsh Corgi,17998.7795,30.1727,12.6228,med,high,short,female,Johnson
Welsh Corgi,12192.8262,25.872,11.6111,med,high,med,female,Perry
Rottweiler,61436.4445,64.1033,8.3988,med,high,short,male,Martin
Airedale Terrier,19782.7483,57.1265,12.1761,med,med,med,male,Beasley
Rottweiler,40400.2546,65.1778,9.2934,med,high,short,male,Pugh
Airedale Terrier,21938.3731,57.2318,10.1354,high,high,med,female,Reynolds
Rottweiler,42255.8068,66.7096,7.9534,med,med,short,female,Hebert
Rottweiler,53184.4464,64.4456,10.0633,med,high,short,male,Myers
Rottweiler,45505.927,65.4253,10.704,med,high,short,female,Moore
Rottweiler,49793.2764,,9.0956,med,high,short,male,Haas
Rottweiler,41723.2692,59.893,10.1438,med,high,short,male,Miller
Samoyed,23941.2138,,11.3275,med,high,med,female,Hardy
Welsh Corgi,12147.3312,26.6227,10.8387,high,high,long,male,Murphy
Samoyed,19575.4906,51.8287,11.737,med,high,short,male,Webb
Airedale Terrier,21655.4663,57.0995,11.4689,high,high,med,male,Johnson
Airedale Terrier,18220.1514,57.4494,11.8818,high,high,short,male,Wolfe
Welsh Corgi,17108.5196,,10.2743,med,high,med,female,Gonzalez
Welsh Corgi,12627.4652,30.1813,11.7421,med,high,med,male,Braun
Samoyed,25671.7238,51.8873,11.4031,med,high,med,female,Hayes
Airedale Terrier,16912.2965,56.822,10.7361,high,high,med,female,Brown
Samoyed,21427.7398,54.4143,11.1682,med,high,med,female,Williams
Rottweiler,47863.3174,67.2133,9.5602,med,high,med,female,Lawrence
Samoyed,24087.8281,53.99,11.1881,high,high,med,male,Mcbride
Airedale Terrier,21122.858,58.1749,12.5246,high,high,long,female,Rodriguez
Airedale Terrier,21134.2988,56.8908,11.8168,high,high,med,male,Deleon
Airedale Terrier,19895.6905,57.1407,10.7574,high,high,med,male,Howe
Welsh Corgi,14065.0581,27.7293,10.4744,med,high,long,female,Castaneda
Welsh Corgi,15276.8437,,11.7842,med,high,med,male,Valdez
Rottweiler,56116.0204,64.3608,9.8284,med,high,short,male,Anderson
Samoyed,14871.4449,54.2101,11.0597,low,high,med,male,Parks
Welsh Corgi,12794.9301,25.9431,11.3995,med,high,med,female,Philip
Rottweiler,53327.252,63.8029,9.9281,med,high,short,male,Joyce
Rottweiler,42451.5444,60.689,9.7765,med,high,short,female,Lester
Welsh Corgi,14981.6983,28.6802,11.1434,med,high,med,male,Evans
Airedale Terrier,23067.4446,57.1878,11.6107,high,high,med,male,Pollard
Rottweiler,44195.0241,63.1052,10.3368,med,med,short,female,Price
Welsh Corgi,11602.5808,27.869,10.4239,med,high,med,female,Stewart
Rottweiler,48756.2609,63.3856,8.8729,med,high,short,male,Holmes
Welsh Corgi,8277.9536,33.2005,10.9667,med,high,short,female,Holmes
Airedale Terrier,19583.213,57.8179,11.0418,high,high,med,female,Myers
Samoyed,20203.3269,52.5946,10.131,med,high,med,female,Diaz
Airedale Terrier,21826.7925,56.9396,10.7897,high,high,med,female,Braun
Airedale Terrier,21875.4117,,9.3976,high,high,med,male,Long
Welsh Corgi,13048.3945,27.8277,10.7679,high,high,med,female,Lopez
Airedale Terrier,20269.7528,56.2045,10.9071,high,med,long,female,Reynolds
Welsh Corgi,13807.0591,30.1359,10.2004,med,high,long,female,Cole
Samoyed,24276.9932,53.0388,11.2298,med,high,long,female,Torres
Welsh Corgi,14976.3533,24.3633,11.3812,med,high,med,male,Johnson
Welsh Corgi,14234.5854,31.8112,10.8311,med,high,long,female,Hill
Welsh Corgi,16757.5408,,11.8845,med,high,long,female,Duke
Welsh Corgi,13273.3748,30.8313,12.1706,med,high,med,male,Harris
Samoyed,27198.5248,,11.0339,high,med,short,male,Padilla
Rottweiler,52078.6067,64.2688,8.8481,med,high,short,female,Johnson
Samoyed,17916.6723,53.7774,10.9131,med,high,med,male,Gardner
Rottweiler,51755.1071,65.2765,9.3696,low,high,med,male,Harris
Samoyed,17923.3012,52.9208,11.8422,med,high,med,male,Johnson
Samoyed,22406.0965,,11.4163,med,high,med,male,Williams
Samoyed,22429.7267,55.136,10.778,med,high,med,male,Carr
Samoyed,20036.4002,54.5706,11.0268,med,high,med,female,Farrell
Samoyed,18275.569,54.0606,11.4706,med,high,med,male,Thompson
Rottweiler,48218.2293,63.0381,11.7641,med,high,med,male,Moore
Rottweiler,65980.7431,,9.6662,med,high,short,male,Parrish
Rottweiler,48253.6046,62.3271,9.1823,low,high,short,female,Adams
Airedale Terrier,16750.2424,,11.0748,high,high,long,male,Clarke
Samoyed,25364.8681,,10.8701,med,high,med,male,Frost
Welsh Corgi,15396.4647,29.2249,11.0253,low,high,med,male,Brown
Airedale Terrier,19585.0253,56.8276,11.6371,med,high,med,female,Arellano
Welsh Corgi,14779.7827,33.5188,11.0774,med,high,med,female,Vargas
Rottweiler,57217.6305,65.0535,9.9885,med,high,short,female,Garcia
Airedale Terrier,19630.8385,55.7554,12.8579,high,high,med,male,Williams
Welsh Corgi,13395.1075,29.6252,10.9964,med,high,med,female,Lyons
Airedale Terrier,18085.3547,57.0774,11.5488,high,high,med,male,Frey
Samoyed,26758.117,52.6598,10.7227,high,high,short,female,Lambert
Rottweiler,48633.8405,61.6474,10.1918,med,high,short,female,Hunt
Airedale Terrier,22053.3021,,10.8518,high,high,med,male,Cunningham
Welsh Corgi,11860.3693,26.4657,11.3604,high,high,med,male,Mills
Welsh Corgi,12632.9583,24.3452,11.2613,med,high,med,female,Patel
Airedale Terrier,21815.0632,57.5477,12.4761,high,high,med,male,Perry
Welsh Corgi,15686.6023,27.514,10.1771,low,high,med,female,Nixon
Samoyed,26656.4158,53.2356,11.6968,med,high,med,male,Cook
Airedale Terrier,21513.3108,55.8993,10.6434,high,high,med,male,Baldwin
Rottweiler,39260.7386,64.3731,9.4603,med,high,short,male,Joshua
Welsh Corgi,12173.1459,30.7464,10.6765,med,high,med,male,Smith
Rottweiler,45637.4495,61.9274,10.706,med,high,short,female,Robinson
Airedale Terrier,22262.1485,56.6651,11.3996,high,high,med,male,Smith
Rottweiler,50144.3579,64.4784,7.9652,med,high,short,female,Gray
Samoyed,13539.3296,53.3923,11.1199,high,high,med,female,Ingram
Airedale Terrier,19625.2305,56.0827,12.1911,high,high,short,male,Stevenson
Welsh Corgi,12806.7407,31.5516,11.8777,med,high,med,male,Garcia
Rottweiler,44673.1584,61.9191,11.2947,low,med,short,female,Lewis
Samoyed,16481.7869,53.7782,10.7705,med,high,med,female,Poole
Airedale Terrier,20499.8506,55.9302,10.6742,high,high,med,male,Gordon
Welsh Corgi,17757.6066,29.0583,11.1913,med,med,med,male,Wright
Airedale Terrier,19692.8173,55.5173,11.1573,high,med,med,female,Barker
Airedale Terrier,21207.5066,56.3419,10.3084,high,high,med,female,Pineda
Welsh Corgi,12564.0317,29.5719,11.956,med,high,med,female,Flowers
Welsh Corgi,15378.727,,10.8377,low,high,short,male,Ortiz
Airedale Terrier,19136.4096,56.4246,11.4321,med,high,med,male,Mcgrath
Airedale Terrier,19685.8493,,10.3532,high,high,short,male,Norman
Rottweiler,43386.9887,63.0484,8.4377,med,high,short,female,Hawkins
Rottweiler,42986.4857,63.9281,9.2159,med,high,short,female,Hart
Airedale Terrier,19330.2868,56.3875,11.2371,high,high,long,female,Mitchell
Welsh Corgi,13719.54,35.5947,10.995,med,high,med,female,Garner
Airedale Terrier,18441.7561,,10.4868,high,high,med,male,Davenport
Rottweiler,41166.2692,,9.3143,med,high,short,female,Edwards
Welsh Corgi,13342.8009,29.8479,10.9771,med,high,med,male,Martin
Samoyed,17802.6514,,11.3987,med,med,med,male,Sims
Samoyed,17953.4449,51.3155,11.067,med,high,long,male,Moore
Rottweiler,51178.7498,62.6481,9.4098,med,high,short,female,Walker
Welsh Corgi,12959.8304,27.0154,10.8764,med,med,short,female,Erickson
Airedale Terrier,18640.3577,,13.602,high,high,med,female,Baker
Welsh Corgi,12658.181,,11.1491,med,high,short,female,Johnson
Airedale Terrier,20507.7247,57.1483,11.249,high,high,short,female,Horn
Rottweiler,57254.2678,,9.9525,med,high,med,male,Kelly
Rottweiler,40494.2973,63.0365,8.8439,med,high,short,male,Walker
Welsh Corgi,17493.6701,23.9241,10.5696,med,high,med,male,Hart
Airedale Terrier,20512.381,56.8639,12.2011,high,high,med,male,Perez
Welsh Corgi,14155.0469,29.3948,10.9429,med,high,med,male,Williams
Welsh Corgi,12830.0197,28.6979,11.1646,med,high,med,male,Jordan
Welsh Corgi,10420.4668,30.7541,11.8912,med,high,med,female,Johnston
Rottweiler,52568.2751,62.7852,9.1399,med,high,short,male,Graham
Welsh Corgi,13295.0634,27.965,9.9004,high,med,med,female,Vargas
Welsh Corgi,11622.6513,28.1526,12.23,med,high,short,male,Flores
Rottweiler,63152.4342,63.3701,10.669,med,high,short,female,Bennett
Airedale Terrier,18250.1663,57.6769,9.8226,high,med,med,male,Reed
Welsh Corgi,13962.276,28.6946,12.1159,high,high,med,male,Lynch
Samoyed,24582.0723,53.1787,11.9675,low,high,med,male,Murphy
Rottweiler,55219.4866,62.7142,9.6398,low,high,short,male,Jackson
Rottweiler,51813.1539,,10.6858,med,high,short,male,Diaz
Samoyed,19560.4702,,10.7347,med,high,short,male,Hinton
Rottweiler,47493.3261,61.6248,7.9804,med,high,short,female,Melton
Samoyed,27483.901,56.4884,11.6541,med,high,med,female,Jackson
Welsh Corgi,13571.84,,11.4857,med,high,long,male,Espinoza
Welsh Corgi,16489.9202,29.4615,11.0135,med,high,med,male,Shaffer
Rottweiler,48889.6668,66.6861,10.048,med,high,short,female,Ferrell
Welsh Corgi,10533.2118,29.9351,9.9481,med,high,short,male,Tanner
Welsh Corgi,14551.5641,29.5377,11.8496,med,high,med,male,Callahan
Samoyed,24474.4581,54.8535,11.1812,med,high,med,female,Christian
Samoyed,24440.7919,52.4129,9.3256,med,high,med,male,Gonzales
Rottweiler,52256.9308,63.8545,8.4392,med,high,short,female,Hernandez
Samoyed,26407.185,53.5676,11.413,med,med,med,female,Miller
Welsh Corgi,16836.383,30.8883,10.0933,high,high,med,male,Koch
Samoyed,20249.4708,52.3357,11.2031,med,high,med,female,Smith
Rottweiler,47995.8719,63.9249,10.4662,high,med,short,male,Garcia
Rottweiler,64133.4237,64.0792,9.4228,med,high,short,male,Martin
Airedale Terrier,19874.0856,57.2064,12.7627,high,high,med,male,Collins
Airedale Terrier,17938.5186,57.1164,11.3906,high,high,med,female,Davis
Welsh Corgi,16179.0143,28.8783,10.1513,med,high,med,female,Cummings
Samoyed,20911.7094,51.0051,10.622,med,med,med,male,Harris
Rottweiler,39385.2242,65.3327,9.6752,med,high,short,male,Lowery
Airedale Terrier,22633.3861,56.746,11.5054,high,high,med,female,Smith
Airedale Terrier,18955.232,56.5249,10.5536,high,high,med,male,Holt
Welsh Corgi,14036.2864,32.8245,11.0362,med,high,med,female,Mayo
Rottweiler,45166.4307,,8.5246,med,high,short,female,Thomas
Welsh Corgi,12651.5395,28.1714,10.9289,high,high,med,male,Martinez
Samoyed,19747.8918,53.0885,11.0347,high,high,med,male,Bell
Welsh Corgi,14035.787,27.6877,10.7402,med,med,med,male,Wright
Welsh Corgi,13147.3537,,11.5011,med,high,short,male,Beltran
